Timestamp_s,Force,Respiration Rate,Step Rate,Steps
1733286659.8735867,-4.518516540527344,0.0,0.0,61.0
1733286659.9972978,-4.518516540527344,nan,nan,nan
1733286660.1058528,-4.518516540527344,nan,nan,nan
1733286660.2153354,-4.5210723876953125,nan,nan,nan
1733286660.3242912,-4.523628234863281,nan,nan,nan
1733286660.4325285,-4.52618408203125,nan,nan,nan
1733286660.541063,-4.528739929199219,nan,nan,nan
1733286660.6509953,-4.5312957763671875,nan,nan,nan
1733286660.7601094,-4.533851623535156,nan,nan,nan
1733286660.8699389,-4.533851623535156,nan,nan,nan
1733286660.9778366,-4.533851623535156,nan,nan,nan
1733286661.0871584,-4.5312957763671875,nan,nan,nan
1733286661.1950805,-4.528739929199219,nan,nan,nan
1733286661.3046846,-4.52618408203125,nan,nan,nan
1733286661.4125307,-4.523628234863281,nan,nan,nan
1733286661.5210598,-4.523628234863281,nan,nan,nan
1733286661.6295402,-4.5210723876953125,nan,nan,nan
1733286661.7373292,-4.518516540527344,nan,nan,nan
1733286661.8465784,-4.518516540527344,nan,nan,nan
1733286661.956781,-4.518516540527344,nan,nan,nan
1733286662.0677657,-4.518516540527344,nan,nan,nan
1733286662.177081,-4.515960693359375,nan,nan,nan
1733286662.2865734,-4.515960693359375,nan,nan,nan
1733286662.3956962,-4.515960693359375,nan,nan,nan
1733286662.5048544,-4.518516540527344,nan,nan,nan
1733286662.6136484,-4.518516540527344,nan,nan,nan
1733286662.7228372,-4.5134124755859375,nan,nan,nan
1733286662.8309515,-4.515960693359375,nan,nan,nan
1733286662.941013,-4.518516540527344,nan,nan,nan
1733286663.0488932,-4.518516540527344,nan,nan,nan
1733286663.1573484,-4.515960693359375,nan,nan,nan
1733286663.266277,-4.515960693359375,nan,nan,nan
1733286663.3743272,-4.518516540527344,nan,nan,nan
1733286663.4845798,-4.5210723876953125,nan,nan,nan
1733286663.5943046,-4.523628234863281,nan,nan,nan
1733286663.7017846,-4.523628234863281,nan,nan,nan
1733286663.8096483,-4.523628234863281,nan,nan,nan
1733286663.918166,-4.52618408203125,nan,nan,nan
1733286664.0277948,-4.5312957763671875,nan,nan,nan
1733286664.136172,-4.5312957763671875,nan,nan,nan
1733286664.244155,-4.5312957763671875,nan,nan,nan
1733286664.352698,-4.528739929199219,nan,nan,nan
1733286664.4598339,-4.528739929199219,nan,nan,nan
1733286664.5675235,-4.52618408203125,nan,nan,nan
1733286664.677071,-4.52618408203125,nan,nan,nan
1733286664.7848287,-4.52618408203125,nan,nan,nan
1733286664.8939526,-4.523628234863281,nan,nan,nan
1733286665.0025434,-4.518516540527344,nan,nan,nan
1733286665.1118264,-4.518516540527344,nan,nan,nan
1733286665.2197926,-4.518516540527344,nan,nan,nan
1733286665.3293104,-4.5210723876953125,nan,nan,nan
1733286665.4381633,-4.515960693359375,nan,nan,nan
1733286665.5471966,-4.5134124755859375,nan,nan,nan
1733286665.6551864,-4.518516540527344,nan,nan,nan
1733286665.763764,-4.518516540527344,nan,nan,nan
1733286665.8724568,-4.5210723876953125,nan,nan,nan
1733286665.9826965,-4.5210723876953125,nan,nan,nan
1733286666.0903373,-4.518516540527344,nan,nan,nan
1733286666.2007093,-4.515960693359375,nan,nan,nan
1733286666.3088784,-4.515960693359375,nan,nan,nan
1733286666.4172819,-4.515960693359375,nan,nan,nan
1733286666.5280523,-4.518516540527344,nan,nan,nan
1733286666.637905,-4.5210723876953125,nan,nan,nan
1733286666.746411,-4.5210723876953125,nan,nan,nan
1733286666.8548923,-4.518516540527344,nan,nan,nan
1733286666.964195,-4.518516540527344,nan,nan,nan
1733286667.072581,-4.523628234863281,nan,nan,nan
1733286667.1827216,-4.528739929199219,nan,nan,nan
1733286667.2939026,-4.528739929199219,nan,nan,nan
1733286667.4010823,-4.528739929199219,nan,nan,nan
1733286667.5103836,-4.5312957763671875,nan,nan,nan
1733286667.6189826,-4.5312957763671875,nan,nan,nan
1733286667.7264543,-4.533851623535156,nan,nan,nan
1733286667.83585,-4.533851623535156,nan,nan,nan
1733286667.9447317,-4.5312957763671875,nan,nan,nan
1733286668.052909,-4.528739929199219,nan,nan,nan
1733286668.1612506,-4.523628234863281,nan,nan,nan
1733286668.2698777,-4.523628234863281,nan,nan,nan
1733286668.37952,-4.523628234863281,nan,nan,nan
1733286668.488337,-4.523628234863281,nan,nan,nan
1733286668.5971673,-4.5210723876953125,nan,nan,nan
1733286668.7053354,-4.5210723876953125,nan,nan,nan
1733286668.815446,-4.5210723876953125,nan,nan,nan
1733286668.9238644,-4.5210723876953125,nan,nan,nan
1733286669.0328875,-4.518516540527344,nan,nan,nan
1733286669.1424885,-4.518516540527344,nan,nan,nan
1733286669.2507973,-4.518516540527344,nan,nan,nan
1733286669.3605318,-4.518516540527344,nan,nan,nan
1733286669.4687319,-4.518516540527344,nan,nan,nan
1733286669.575522,-4.5210723876953125,nan,nan,nan
1733286669.685877,-4.515960693359375,nan,nan,nan
1733286669.795534,-4.518516540527344,nan,nan,nan
1733286669.9027634,-4.518516540527344,nan,nan,nan
1733286670.011866,-4.518516540527344,nan,nan,nan
1733286670.1198058,-4.5210723876953125,nan,nan,nan
1733286670.229685,-4.5210723876953125,nan,nan,nan
1733286670.3387885,-4.5210723876953125,nan,nan,nan
1733286670.4476576,-4.52618408203125,nan,nan,nan
1733286670.5548434,-4.528739929199219,nan,nan,nan
1733286670.6635783,-4.528739929199219,nan,nan,nan
1733286670.772592,-4.528739929199219,0.0,0.0,nan
1733286670.881797,-4.528739929199219,nan,nan,nan
1733286670.9906983,-4.52618408203125,nan,nan,nan
1733286671.098887,-4.528739929199219,nan,nan,nan
1733286671.2089212,-4.52618408203125,nan,nan,nan
1733286671.3175423,-4.523628234863281,nan,nan,nan
1733286671.4261765,-4.523628234863281,nan,nan,nan
1733286671.5343604,-4.523628234863281,nan,nan,nan
1733286671.6438487,-4.5210723876953125,nan,nan,nan
1733286671.7528374,-4.5210723876953125,nan,nan,nan
1733286671.8612344,-4.518516540527344,nan,nan,nan
1733286671.9702916,-4.518516540527344,nan,nan,nan
1733286672.0801575,-4.5210723876953125,nan,nan,nan
1733286672.187691,-4.5210723876953125,nan,nan,nan
1733286672.295741,-4.5210723876953125,nan,nan,nan
1733286672.4047909,-4.518516540527344,nan,nan,nan
1733286672.5145664,-4.5210723876953125,nan,nan,nan
1733286672.623858,-4.518516540527344,nan,nan,nan
1733286672.7326765,-4.518516540527344,nan,nan,nan
1733286672.840341,-4.5210723876953125,nan,nan,nan
1733286672.9487658,-4.5210723876953125,nan,nan,nan
1733286673.0583184,-4.518516540527344,nan,nan,nan
1733286673.1671221,-4.518516540527344,nan,nan,nan
1733286673.2769108,-4.518516540527344,nan,nan,nan
1733286673.3861353,-4.518516540527344,nan,nan,nan
1733286673.494496,-4.518516540527344,nan,nan,nan
1733286673.6030014,-4.5210723876953125,nan,nan,nan
1733286673.7125347,-4.523628234863281,nan,nan,nan
1733286673.8207393,-4.52618408203125,nan,nan,nan
1733286673.9313052,-4.52618408203125,nan,nan,nan
1733286674.0397224,-4.528739929199219,nan,nan,nan
1733286674.147952,-4.5312957763671875,nan,nan,nan
1733286674.2571764,-4.528739929199219,nan,nan,nan
1733286674.365025,-4.52618408203125,nan,nan,nan
1733286674.4728434,-4.52618408203125,nan,nan,nan
1733286674.5819051,-4.52618408203125,nan,nan,nan
1733286674.6927488,-4.52618408203125,nan,nan,nan
1733286674.8027081,-4.5210723876953125,nan,nan,nan
1733286674.9107485,-4.518516540527344,nan,nan,nan
1733286675.0188963,-4.518516540527344,nan,nan,nan
1733286675.1270666,-4.518516540527344,nan,nan,nan
1733286675.234773,-4.518516540527344,nan,nan,nan
1733286675.3439605,-4.515960693359375,nan,nan,nan
1733286675.4542043,-4.515960693359375,nan,nan,nan
1733286675.5628488,-4.518516540527344,nan,nan,nan
1733286675.671228,-4.5210723876953125,nan,nan,nan
1733286675.7813592,-4.5210723876953125,nan,nan,nan
1733286675.8899584,-4.5210723876953125,nan,nan,nan
1733286675.9987428,-4.5210723876953125,nan,nan,nan
1733286676.1080487,-4.518516540527344,nan,nan,nan
1733286676.217852,-4.518516540527344,nan,nan,nan
1733286676.3418884,-4.5210723876953125,nan,nan,nan
1733286676.4513192,-4.5210723876953125,nan,nan,nan
1733286676.560288,-4.518516540527344,nan,nan,nan
1733286676.668746,-4.515960693359375,nan,nan,nan
1733286676.7778473,-4.518516540527344,nan,nan,nan
1733286676.8866968,-4.523628234863281,nan,nan,nan
1733286676.9968226,-4.528739929199219,nan,nan,nan
1733286677.1041412,-4.528739929199219,nan,nan,nan
1733286677.2127264,-4.528739929199219,nan,nan,nan
1733286677.3218575,-4.528739929199219,nan,nan,nan
1733286677.4300764,-4.5312957763671875,nan,nan,nan
1733286677.5383997,-4.5312957763671875,nan,nan,nan
1733286677.645976,-4.528739929199219,nan,nan,nan
1733286677.7548292,-4.52618408203125,nan,nan,nan
1733286677.8642316,-4.523628234863281,nan,nan,nan
1733286677.972547,-4.5210723876953125,nan,nan,nan
1733286678.0811546,-4.523628234863281,nan,nan,nan
1733286678.1917336,-4.523628234863281,nan,nan,nan
1733286678.3008802,-4.5210723876953125,nan,nan,nan
1733286678.4110672,-4.5210723876953125,nan,nan,nan
1733286678.5184865,-4.5210723876953125,nan,nan,nan
1733286678.626565,-4.515960693359375,nan,nan,nan
1733286678.7364397,-4.515960693359375,nan,nan,nan
1733286678.8459272,-4.515960693359375,nan,nan,nan
1733286678.9550195,-4.515960693359375,nan,nan,nan
1733286679.0638402,-4.518516540527344,nan,nan,nan
1733286679.1737385,-4.518516540527344,nan,nan,nan
1733286679.2824843,-4.518516540527344,nan,nan,nan
1733286679.3909707,-4.523628234863281,nan,nan,nan
1733286679.5000105,-4.52618408203125,nan,nan,nan
1733286679.6089528,-4.52618408203125,nan,nan,nan
1733286679.7184417,-4.528739929199219,nan,nan,nan
1733286679.8279476,-4.5312957763671875,nan,nan,nan
1733286679.9373236,-4.5312957763671875,nan,nan,nan
1733286680.046739,-4.5312957763671875,nan,nan,nan
1733286680.1554985,-4.5312957763671875,nan,nan,nan
1733286680.2654548,-4.5312957763671875,nan,nan,nan
1733286680.3738904,-4.5312957763671875,nan,nan,nan
1733286680.4817717,-4.528739929199219,nan,nan,nan
1733286680.588746,-4.523628234863281,nan,nan,nan
1733286680.6981802,-4.523628234863281,nan,nan,nan
1733286680.8065767,-4.5210723876953125,nan,nan,nan
1733286680.9137015,-4.518516540527344,nan,nan,nan
1733286681.0228124,-4.518516540527344,nan,nan,nan
1733286681.131716,-4.5210723876953125,nan,nan,nan
1733286681.2412715,-4.523628234863281,nan,nan,nan
1733286681.352739,-4.523628234863281,nan,nan,nan
1733286681.460365,-4.5210723876953125,nan,nan,nan
1733286681.568405,-4.518516540527344,nan,nan,nan
1733286681.676393,-4.518516540527344,0.0,0.0,nan
1733286681.7853014,-4.518516540527344,nan,nan,nan
1733286681.8945203,-4.518516540527344,nan,nan,nan
1733286682.0036774,-4.518516540527344,nan,nan,nan
1733286682.1116385,-4.518516540527344,nan,nan,nan
1733286682.22113,-4.518516540527344,nan,nan,nan
1733286682.3303306,-4.515960693359375,nan,nan,nan
1733286682.439458,-4.515960693359375,nan,nan,nan
1733286682.5487616,-4.515960693359375,nan,nan,nan
1733286682.6571248,-4.515960693359375,nan,nan,nan
1733286682.7652967,-4.5134124755859375,nan,nan,nan
1733286682.8738172,-4.5134124755859375,nan,nan,nan
1733286682.9828188,-4.515960693359375,nan,nan,nan
1733286683.090791,-4.515960693359375,nan,nan,nan
1733286683.2007625,-4.515960693359375,nan,nan,nan
1733286683.308426,-4.515960693359375,nan,nan,nan
1733286683.4181895,-4.515960693359375,nan,nan,nan
1733286683.5271966,-4.523628234863281,nan,nan,nan
1733286683.6369088,-4.528739929199219,nan,nan,nan
1733286683.7459326,-4.5312957763671875,nan,nan,nan
1733286683.854353,-4.5312957763671875,nan,nan,nan
1733286683.962866,-4.528739929199219,nan,nan,nan
1733286684.0725255,-4.5312957763671875,nan,nan,nan
1733286684.181245,-4.528739929199219,nan,nan,nan
1733286684.2899077,-4.528739929199219,nan,nan,nan
1733286684.3992379,-4.523628234863281,nan,nan,nan
1733286684.50801,-4.5210723876953125,nan,nan,nan
1733286684.6172898,-4.518516540527344,nan,nan,nan
1733286684.725933,-4.518516540527344,nan,nan,nan
1733286684.8361638,-4.518516540527344,nan,nan,nan
1733286684.945942,-4.518516540527344,nan,nan,nan
1733286685.0549893,-4.518516540527344,nan,nan,nan
1733286685.165955,-4.515960693359375,nan,nan,nan
1733286685.2746158,-4.515960693359375,nan,nan,nan
1733286685.3826842,-4.515960693359375,nan,nan,nan
1733286685.4917452,-4.518516540527344,nan,nan,nan
1733286685.600419,-4.518516540527344,nan,nan,nan
1733286685.7101467,-4.515960693359375,nan,nan,nan
1733286685.8186953,-4.515960693359375,nan,nan,nan
1733286685.9266906,-4.515960693359375,nan,nan,nan
1733286686.0367038,-4.515960693359375,nan,nan,nan
1733286686.1451702,-4.518516540527344,nan,nan,nan
1733286686.2534392,-4.515960693359375,nan,nan,nan
1733286686.3628154,-4.515960693359375,nan,nan,nan
1733286686.4712908,-4.518516540527344,nan,nan,nan
1733286686.5811484,-4.518516540527344,nan,nan,nan
1733286686.6895187,-4.518516540527344,nan,nan,nan
1733286686.79728,-4.518516540527344,nan,nan,nan
1733286686.9074519,-4.523628234863281,nan,nan,nan
1733286687.0163014,-4.52618408203125,nan,nan,nan
1733286687.125821,-4.528739929199219,nan,nan,nan
1733286687.2350457,-4.528739929199219,nan,nan,nan
1733286687.3450532,-4.52618408203125,nan,nan,nan
1733286687.4536843,-4.52618408203125,nan,nan,nan
1733286687.562847,-4.528739929199219,nan,nan,nan
1733286687.6715982,-4.528739929199219,nan,nan,nan
1733286687.7811635,-4.523628234863281,nan,nan,nan
1733286687.8896606,-4.518516540527344,nan,nan,nan
1733286687.9986067,-4.515960693359375,nan,nan,nan
1733286688.1059446,-4.515960693359375,nan,nan,nan
1733286688.2154806,-4.515960693359375,nan,nan,nan
1733286688.3262305,-4.518516540527344,nan,nan,nan
1733286688.4353755,-4.518516540527344,nan,nan,nan
1733286688.543989,-4.518516540527344,nan,nan,nan
1733286688.654075,-4.518516540527344,nan,nan,nan
1733286688.7619493,-4.515960693359375,nan,nan,nan
1733286688.8697798,-4.515960693359375,nan,nan,nan
1733286688.9760604,-4.518516540527344,nan,nan,nan
1733286689.0848665,-4.518516540527344,nan,nan,nan
1733286689.1938572,-4.518516540527344,nan,nan,nan
1733286689.3028586,-4.5210723876953125,nan,nan,nan
1733286689.4095492,-4.52618408203125,nan,nan,nan
1733286689.515645,-4.5312957763671875,nan,nan,nan
1733286689.622673,-4.5312957763671875,nan,nan,nan
1733286689.7309124,-4.5312957763671875,nan,nan,nan
1733286689.83871,-4.528739929199219,nan,nan,nan
1733286689.9468293,-4.5312957763671875,nan,nan,nan
1733286690.0550196,-4.5312957763671875,nan,nan,nan
1733286690.163608,-4.528739929199219,nan,nan,nan
1733286690.272906,-4.5312957763671875,nan,nan,nan
1733286690.3807487,-4.523628234863281,nan,nan,nan
1733286690.4887176,-4.5210723876953125,nan,nan,nan
1733286690.5987434,-4.523628234863281,nan,nan,nan
1733286690.708183,-4.5210723876953125,nan,nan,nan
1733286690.8161442,-4.518516540527344,nan,nan,nan
1733286690.9241846,-4.518516540527344,nan,nan,nan
1733286691.0347753,-4.5210723876953125,nan,nan,nan
1733286691.1428802,-4.5210723876953125,nan,nan,nan
1733286691.252529,-4.518516540527344,nan,nan,nan
1733286691.3627608,-4.518516540527344,nan,nan,nan
1733286691.4729514,-4.518516540527344,nan,nan,nan
1733286691.5830457,-4.5210723876953125,nan,nan,nan
1733286691.690912,-4.518516540527344,nan,nan,nan
1733286691.7995827,-4.518516540527344,nan,nan,nan
1733286691.907659,-4.518516540527344,nan,nan,nan
1733286692.016524,-4.515960693359375,nan,nan,nan
1733286692.125026,-4.518516540527344,nan,nan,nan
1733286692.2315884,-4.518516540527344,nan,nan,nan
1733286692.3388083,-4.515960693359375,nan,nan,nan
1733286692.4478624,-4.515960693359375,nan,nan,nan
1733286692.5576909,-4.515960693359375,0.0,0.0,nan
1733286692.664886,-4.515960693359375,nan,nan,nan
1733286692.7730005,-4.515960693359375,nan,nan,nan
1733286692.881737,-4.515960693359375,nan,nan,nan
1733286692.9926908,-4.515960693359375,nan,nan,nan
1733286693.1013942,-4.518516540527344,nan,nan,nan
1733286693.2094836,-4.5134124755859375,nan,nan,nan
1733286693.3180788,-4.515960693359375,nan,nan,nan
1733286693.4282372,-4.515960693359375,nan,nan,nan
1733286693.5360875,-4.515960693359375,nan,nan,nan
1733286693.64575,-4.515960693359375,nan,nan,nan
1733286693.7549345,-4.518516540527344,nan,nan,nan
1733286693.865084,-4.523628234863281,nan,nan,nan
1733286693.9740827,-4.523628234863281,nan,nan,nan
1733286694.082627,-4.523628234863281,nan,nan,nan
1733286694.191513,-4.523628234863281,nan,nan,nan
1733286694.2996635,-4.52618408203125,nan,nan,nan
1733286694.4093852,-4.528739929199219,nan,nan,nan
1733286694.519455,-4.5312957763671875,nan,nan,nan
1733286694.6278067,-4.5312957763671875,nan,nan,nan
1733286694.7349744,-4.528739929199219,nan,nan,nan
1733286694.8438025,-4.5312957763671875,nan,nan,nan
1733286694.9527984,-4.5312957763671875,nan,nan,nan
1733286695.0619874,-4.5312957763671875,nan,nan,nan
1733286695.1713903,-4.528739929199219,nan,nan,nan
1733286695.2799275,-4.523628234863281,nan,nan,nan
1733286695.3896792,-4.5210723876953125,nan,nan,nan
1733286695.4991007,-4.518516540527344,nan,nan,nan
1733286695.6086435,-4.5210723876953125,nan,nan,nan
1733286695.7179189,-4.5210723876953125,nan,nan,nan
1733286695.8248405,-4.5210723876953125,nan,nan,nan
1733286695.9326465,-4.515960693359375,nan,nan,nan
1733286696.0411928,-4.515960693359375,nan,nan,nan
1733286696.1510603,-4.515960693359375,nan,nan,nan
1733286696.2609673,-4.515960693359375,nan,nan,nan
1733286696.3702848,-4.515960693359375,nan,nan,nan
1733286696.4801514,-4.515960693359375,nan,nan,nan
1733286696.5886188,-4.515960693359375,nan,nan,nan
1733286696.695902,-4.5134124755859375,nan,nan,nan
1733286696.8040679,-4.515960693359375,nan,nan,nan
1733286696.912902,-4.518516540527344,nan,nan,nan
1733286697.0219433,-4.515960693359375,nan,nan,nan
1733286697.1287138,-4.515960693359375,nan,nan,nan
1733286697.2362566,-4.5134124755859375,nan,nan,nan
1733286697.344818,-4.515960693359375,nan,nan,nan
1733286697.4538605,-4.5210723876953125,nan,nan,nan
1733286697.5626712,-4.52618408203125,nan,nan,nan
1733286697.6729374,-4.528739929199219,nan,nan,nan
1733286697.7809572,-4.5312957763671875,nan,nan,nan
1733286697.8888862,-4.5312957763671875,nan,nan,nan
1733286697.9979923,-4.5312957763671875,nan,nan,nan
1733286698.1070707,-4.5312957763671875,nan,nan,nan
1733286698.2161672,-4.5312957763671875,nan,nan,nan
1733286698.3240488,-4.528739929199219,nan,nan,nan
1733286698.4341133,-4.523628234863281,nan,nan,nan
1733286698.5437,-4.518516540527344,nan,nan,nan
1733286698.652768,-4.518516540527344,nan,nan,nan
1733286698.762966,-4.518516540527344,nan,nan,nan
1733286698.8707838,-4.518516540527344,nan,nan,nan
1733286698.979161,-4.518516540527344,nan,nan,nan
1733286699.0891566,-4.518516540527344,nan,nan,nan
1733286699.198613,-4.518516540527344,nan,nan,nan
1733286699.3069475,-4.518516540527344,nan,nan,nan
1733286699.4146159,-4.518516540527344,nan,nan,nan
1733286699.5239491,-4.515960693359375,nan,nan,nan
1733286699.6325257,-4.515960693359375,nan,nan,nan
1733286699.740097,-4.515960693359375,nan,nan,nan
1733286699.8490176,-4.515960693359375,nan,nan,nan
1733286699.9580812,-4.515960693359375,nan,nan,nan
1733286700.0668247,-4.515960693359375,nan,nan,nan
1733286700.1756017,-4.515960693359375,nan,nan,nan
1733286700.283182,-4.518516540527344,nan,nan,nan
1733286700.3928754,-4.5210723876953125,nan,nan,nan
1733286700.5017605,-4.5210723876953125,nan,nan,nan
1733286700.6107337,-4.518516540527344,nan,nan,nan
1733286700.720664,-4.515960693359375,nan,nan,nan
1733286700.8288138,-4.5134124755859375,nan,nan,nan
1733286700.9368453,-4.515960693359375,nan,nan,nan
1733286701.0461426,-4.5134124755859375,nan,nan,nan
1733286701.154104,-4.5134124755859375,nan,nan,nan
1733286701.2626135,-4.5134124755859375,nan,nan,nan
1733286701.371511,-4.5134124755859375,nan,nan,nan
1733286701.4802897,-4.515960693359375,nan,nan,nan
1733286701.5898187,-4.518516540527344,nan,nan,nan
1733286701.6996005,-4.518516540527344,nan,nan,nan
1733286701.807987,-4.523628234863281,nan,nan,nan
1733286701.91689,-4.52618408203125,nan,nan,nan
1733286702.0249019,-4.52618408203125,nan,nan,nan
1733286702.133973,-4.52618408203125,nan,nan,nan
1733286702.2427876,-4.523628234863281,nan,nan,nan
1733286702.3509266,-4.52618408203125,nan,nan,nan
1733286702.4599595,-4.52618408203125,nan,nan,nan
1733286702.5690508,-4.52618408203125,nan,nan,nan
1733286702.6786335,-4.52618408203125,nan,nan,nan
1733286702.7889965,-4.52618408203125,nan,nan,nan
1733286702.898746,-4.52618408203125,nan,nan,nan
1733286703.0056417,-4.52618408203125,nan,nan,nan
1733286703.1148782,-4.52618408203125,nan,nan,nan
1733286703.2237854,-4.5210723876953125,nan,nan,nan
1733286703.3318844,-4.523628234863281,nan,nan,nan
1733286703.4411833,-4.523628234863281,0.0,0.0,nan
1733286703.550935,-4.523628234863281,nan,nan,nan
1733286703.660071,-4.523628234863281,nan,nan,nan
1733286703.7697194,-4.523628234863281,nan,nan,nan
1733286703.8794127,-4.523628234863281,nan,nan,nan
1733286703.9871247,-4.52618408203125,nan,nan,nan
1733286704.0956209,-4.523628234863281,nan,nan,nan
1733286704.2045143,-4.5210723876953125,nan,nan,nan
1733286704.312778,-4.518516540527344,nan,nan,nan
1733286704.419943,-4.518516540527344,nan,nan,nan
1733286704.5293014,-4.518516540527344,nan,nan,nan
1733286704.6385577,-4.5210723876953125,nan,nan,nan
1733286704.7470162,-4.5210723876953125,nan,nan,nan
1733286704.8569076,-4.518516540527344,nan,nan,nan
1733286704.9645195,-4.5210723876953125,nan,nan,nan
1733286705.0740783,-4.523628234863281,nan,nan,nan
1733286705.1840723,-4.523628234863281,nan,nan,nan
1733286705.292706,-4.523628234863281,nan,nan,nan
1733286705.4017627,-4.52618408203125,nan,nan,nan
1733286705.5110488,-4.52618408203125,nan,nan,nan
1733286705.620111,-4.523628234863281,nan,nan,nan
1733286705.7313719,-4.523628234863281,nan,nan,nan
1733286705.8400187,-4.5210723876953125,nan,nan,nan
1733286705.9478357,-4.523628234863281,nan,nan,nan
1733286706.0551586,-4.523628234863281,nan,nan,nan
1733286706.1627657,-4.5210723876953125,nan,nan,nan
1733286706.2727716,-4.5210723876953125,nan,nan,nan
1733286706.3814394,-4.523628234863281,nan,nan,nan
1733286706.4889376,-4.52618408203125,nan,nan,nan
1733286706.598035,-4.523628234863281,nan,nan,nan
1733286706.7060874,-4.5210723876953125,nan,nan,nan
1733286706.8139615,-4.518516540527344,nan,nan,nan
1733286706.923034,-4.5210723876953125,nan,nan,nan
1733286707.0314014,-4.523628234863281,nan,nan,nan
1733286707.1396904,-4.523628234863281,nan,nan,nan
1733286707.2473564,-4.5210723876953125,nan,nan,nan
1733286707.3570194,-4.5210723876953125,nan,nan,nan
1733286707.4658878,-4.5210723876953125,nan,nan,nan
1733286707.5747192,-4.523628234863281,nan,nan,nan
1733286707.6819634,-4.523628234863281,nan,nan,nan
1733286707.7911284,-4.523628234863281,nan,nan,nan
1733286707.8989005,-4.523628234863281,nan,nan,nan
1733286708.0086725,-4.523628234863281,nan,nan,nan
1733286708.1158557,-4.523628234863281,nan,nan,nan
1733286708.2257557,-4.523628234863281,nan,nan,nan
1733286708.3338175,-4.523628234863281,nan,nan,nan
1733286708.4426286,-4.523628234863281,nan,nan,nan
1733286708.5516074,-4.5210723876953125,nan,nan,nan
1733286708.6598465,-4.5210723876953125,nan,nan,nan
1733286708.7709765,-4.523628234863281,nan,nan,nan
1733286708.8803952,-4.523628234863281,nan,nan,nan
1733286708.9886365,-4.523628234863281,nan,nan,nan
1733286709.0969653,-4.5210723876953125,nan,nan,nan
1733286709.2065556,-4.5210723876953125,nan,nan,nan
1733286709.3148403,-4.5210723876953125,nan,nan,nan
1733286709.424024,-4.5210723876953125,nan,nan,nan
1733286709.5325174,-4.5210723876953125,nan,nan,nan
1733286709.6426241,-4.5210723876953125,nan,nan,nan
1733286709.7518027,-4.5210723876953125,nan,nan,nan
1733286709.859471,-4.5210723876953125,nan,nan,nan
1733286709.9686017,-4.5210723876953125,nan,nan,nan
1733286710.0770962,-4.523628234863281,nan,nan,nan
1733286710.1866899,-4.523628234863281,nan,nan,nan
1733286710.2947128,-4.523628234863281,nan,nan,nan
1733286710.4027634,-4.5210723876953125,nan,nan,nan
1733286710.510863,-4.5210723876953125,nan,nan,nan
1733286710.6197367,-4.5210723876953125,nan,nan,nan
1733286710.730218,-4.518516540527344,nan,nan,nan
1733286710.8376694,-4.518516540527344,nan,nan,nan
1733286710.9469395,-4.5210723876953125,nan,nan,nan
1733286711.0557525,-4.523628234863281,nan,nan,nan
1733286711.1650815,-4.5210723876953125,nan,nan,nan
1733286711.273737,-4.523628234863281,nan,nan,nan
1733286711.3831527,-4.523628234863281,nan,nan,nan
1733286711.4911413,-4.5210723876953125,nan,nan,nan
1733286711.6000702,-4.518516540527344,nan,nan,nan
1733286711.7082965,-4.518516540527344,nan,nan,nan
1733286711.8158212,-4.5210723876953125,nan,nan,nan
1733286711.9240432,-4.5210723876953125,nan,nan,nan
1733286712.0329177,-4.5210723876953125,nan,nan,nan
1733286712.141121,-4.5210723876953125,nan,nan,nan
1733286712.248682,-4.5210723876953125,nan,nan,nan
1733286712.3569343,-4.518516540527344,nan,nan,nan
1733286712.4656186,-4.518516540527344,nan,nan,nan
1733286712.575139,-4.518516540527344,nan,nan,nan
1733286712.6861079,-4.518516540527344,nan,nan,nan
1733286712.794876,-4.515960693359375,nan,nan,nan
1733286712.9028337,-4.518516540527344,nan,nan,nan
1733286713.0116837,-4.518516540527344,nan,nan,nan
1733286713.1209056,-4.518516540527344,nan,nan,nan
1733286713.2295516,-4.515960693359375,nan,nan,nan
1733286713.3380718,-4.515960693359375,nan,nan,nan
1733286713.4476056,-4.518516540527344,nan,nan,nan
1733286713.5566835,-4.518516540527344,nan,nan,nan
1733286713.6649837,-4.5210723876953125,nan,nan,nan
1733286713.7739341,-4.5210723876953125,nan,nan,nan
1733286713.8837411,-4.5210723876953125,nan,nan,nan
1733286713.9927232,-4.5210723876953125,nan,nan,nan
1733286714.1026886,-4.518516540527344,nan,nan,nan
1733286714.2113612,-4.515960693359375,nan,nan,nan
1733286714.320713,-4.515960693359375,0.0,0.0,nan
1733286714.4291623,-4.5210723876953125,nan,nan,nan
1733286714.5393753,-4.5210723876953125,nan,nan,nan
1733286714.647256,-4.5210723876953125,nan,nan,nan
1733286714.755686,-4.5210723876953125,nan,nan,nan
1733286714.864044,-4.518516540527344,nan,nan,nan
1733286714.9718506,-4.518516540527344,nan,nan,nan
1733286715.0802324,-4.5210723876953125,nan,nan,nan
1733286715.190257,-4.518516540527344,nan,nan,nan
1733286715.299426,-4.515960693359375,nan,nan,nan
1733286715.409173,-4.518516540527344,nan,nan,nan
1733286715.5187457,-4.518516540527344,nan,nan,nan
1733286715.626875,-4.518516540527344,nan,nan,nan
1733286715.7368302,-4.5210723876953125,nan,nan,nan
1733286715.8458285,-4.5210723876953125,nan,nan,nan
1733286715.9548483,-4.523628234863281,nan,nan,nan
1733286716.0637019,-4.523628234863281,nan,nan,nan
1733286716.1726425,-4.5210723876953125,nan,nan,nan
1733286716.2800524,-4.518516540527344,nan,nan,nan
1733286716.3892694,-4.518516540527344,nan,nan,nan
1733286716.499837,-4.515960693359375,nan,nan,nan
1733286716.6082652,-4.515960693359375,nan,nan,nan
1733286716.7171772,-4.515960693359375,nan,nan,nan
1733286716.824925,-4.5210723876953125,nan,nan,nan
1733286716.9338443,-4.52618408203125,nan,nan,nan
1733286717.0438037,-4.52618408203125,nan,nan,nan
1733286717.1536324,-4.523628234863281,nan,nan,nan
1733286717.2626483,-4.5210723876953125,nan,nan,nan
1733286717.3714106,-4.5210723876953125,nan,nan,nan
1733286717.4797802,-4.52618408203125,nan,nan,nan
1733286717.5879674,-4.528739929199219,nan,nan,nan
1733286717.6968231,-4.528739929199219,nan,nan,nan
1733286717.8058598,-4.5312957763671875,nan,nan,nan
1733286717.9147458,-4.5312957763671875,nan,nan,nan
1733286718.0228486,-4.5312957763671875,nan,nan,nan
1733286718.1319296,-4.533851623535156,nan,nan,nan
1733286718.2408495,-4.5312957763671875,nan,nan,nan
1733286718.3503273,-4.5312957763671875,nan,nan,nan
1733286718.4587107,-4.52618408203125,nan,nan,nan
1733286718.5661585,-4.5210723876953125,nan,nan,nan
1733286718.6747024,-4.518516540527344,nan,nan,nan
1733286718.7826576,-4.515960693359375,nan,nan,nan
1733286718.8926048,-4.5134124755859375,nan,nan,nan
1733286719.0006225,-4.515960693359375,nan,nan,nan
1733286719.1086066,-4.515960693359375,nan,nan,nan
1733286719.2156355,-4.515960693359375,nan,nan,nan
1733286719.3246758,-4.5134124755859375,nan,nan,nan
1733286719.4317062,-4.5134124755859375,nan,nan,nan
1733286719.539875,-4.5134124755859375,nan,nan,nan
1733286719.6463072,-4.50830078125,nan,nan,nan
1733286719.7550569,-4.50830078125,nan,nan,nan
1733286719.8639069,-4.510856628417969,nan,nan,nan
1733286719.9717083,-4.5134124755859375,nan,nan,nan
1733286720.078944,-4.518516540527344,nan,nan,nan
1733286720.188676,-4.523628234863281,nan,nan,nan
1733286720.298122,-4.5312957763671875,nan,nan,nan
1733286720.4040349,-4.533851623535156,nan,nan,nan
1733286720.5116265,-4.533851623535156,nan,nan,nan
1733286720.6199887,-4.533851623535156,nan,nan,nan
1733286720.730123,-4.533851623535156,nan,nan,nan
1733286720.8390121,-4.536407470703125,nan,nan,nan
1733286720.9500475,-4.533851623535156,nan,nan,nan
1733286721.0595567,-4.5312957763671875,nan,nan,nan
1733286721.168072,-4.5312957763671875,nan,nan,nan
1733286721.276651,-4.5210723876953125,nan,nan,nan
1733286721.385906,-4.518516540527344,nan,nan,nan
1733286721.4947615,-4.515960693359375,nan,nan,nan
1733286721.6035285,-4.515960693359375,nan,nan,nan
1733286721.7124708,-4.515960693359375,nan,nan,nan
1733286721.822639,-4.5134124755859375,nan,nan,nan
1733286721.9318712,-4.5134124755859375,nan,nan,nan
1733286722.0406475,-4.515960693359375,nan,nan,nan
1733286722.1495905,-4.518516540527344,nan,nan,nan
1733286722.2580662,-4.5210723876953125,nan,nan,nan
1733286722.3676789,-4.518516540527344,nan,nan,nan
1733286722.4758992,-4.518516540527344,nan,nan,nan
1733286722.5837858,-4.518516540527344,nan,nan,nan
1733286722.692662,-4.515960693359375,nan,nan,nan
1733286722.8010101,-4.518516540527344,nan,nan,nan
1733286722.9108045,-4.518516540527344,nan,nan,nan
1733286723.018886,-4.518516540527344,nan,nan,nan
1733286723.1267612,-4.5210723876953125,nan,nan,nan
1733286723.2366154,-4.523628234863281,nan,nan,nan
1733286723.345862,-4.528739929199219,nan,nan,nan
1733286723.45276,-4.536407470703125,nan,nan,nan
1733286723.5625508,-4.536407470703125,nan,nan,nan
1733286723.6710722,-4.536407470703125,nan,nan,nan
1733286723.781493,-4.536407470703125,nan,nan,nan
1733286723.8892512,-4.536407470703125,nan,nan,nan
1733286723.9987264,-4.536407470703125,nan,nan,nan
1733286724.1067605,-4.533851623535156,nan,nan,nan
1733286724.2150197,-4.52618408203125,nan,nan,nan
1733286724.3228133,-4.52618408203125,nan,nan,nan
1733286724.430042,-4.523628234863281,nan,nan,nan
1733286724.5410163,-4.52618408203125,nan,nan,nan
1733286724.6500306,-4.523628234863281,nan,nan,nan
1733286724.7581434,-4.5210723876953125,nan,nan,nan
1733286724.8675604,-4.5210723876953125,nan,nan,nan
1733286724.9758801,-4.518516540527344,nan,nan,nan
1733286725.0850909,-4.515960693359375,nan,nan,nan
1733286725.1948342,-4.515960693359375,0.0,0.0,nan
1733286725.3043537,-4.5134124755859375,nan,nan,nan
1733286725.4126697,-4.5134124755859375,nan,nan,nan
1733286725.5197718,-4.515960693359375,nan,nan,nan
1733286725.62807,-4.5134124755859375,nan,nan,nan
1733286725.7378724,-4.518516540527344,nan,nan,nan
1733286725.847161,-4.518516540527344,nan,nan,nan
1733286725.9559991,-4.515960693359375,nan,nan,nan
1733286726.0661683,-4.518516540527344,nan,nan,nan
1733286726.1747434,-4.5134124755859375,nan,nan,nan
1733286726.2828627,-4.515960693359375,nan,nan,nan
1733286726.3926506,-4.52618408203125,nan,nan,nan
1733286726.5018637,-4.52618408203125,nan,nan,nan
1733286726.6106367,-4.5312957763671875,nan,nan,nan
1733286726.719598,-4.536407470703125,nan,nan,nan
1733286726.8288553,-4.533851623535156,nan,nan,nan
1733286726.9380507,-4.533851623535156,nan,nan,nan
1733286727.047339,-4.533851623535156,nan,nan,nan
1733286727.1566498,-4.533851623535156,nan,nan,nan
1733286727.2666905,-4.536407470703125,nan,nan,nan
1733286727.3746176,-4.52618408203125,nan,nan,nan
1733286727.4838266,-4.518516540527344,nan,nan,nan
1733286727.5936434,-4.5210723876953125,nan,nan,nan
1733286727.7025895,-4.518516540527344,nan,nan,nan
1733286727.8118875,-4.518516540527344,nan,nan,nan
1733286727.920684,-4.518516540527344,nan,nan,nan
1733286728.029386,-4.5134124755859375,nan,nan,nan
1733286728.1388485,-4.515960693359375,nan,nan,nan
1733286728.2466471,-4.510856628417969,nan,nan,nan
1733286728.3554885,-4.510856628417969,nan,nan,nan
1733286728.4628723,-4.5134124755859375,nan,nan,nan
1733286728.5717115,-4.510856628417969,nan,nan,nan
1733286728.6810148,-4.5134124755859375,nan,nan,nan
1733286728.789991,-4.5134124755859375,nan,nan,nan
1733286728.8980343,-4.50830078125,nan,nan,nan
1733286729.006801,-4.510856628417969,nan,nan,nan
1733286729.1139474,-4.5134124755859375,nan,nan,nan
1733286729.221579,-4.510856628417969,nan,nan,nan
1733286729.330246,-4.50830078125,nan,nan,nan
1733286729.439003,-4.5134124755859375,nan,nan,nan
1733286729.548121,-4.518516540527344,nan,nan,nan
1733286729.6563532,-4.523628234863281,nan,nan,nan
1733286729.766061,-4.52618408203125,nan,nan,nan
1733286729.8756251,-4.528739929199219,nan,nan,nan
1733286729.9850676,-4.533851623535156,nan,nan,nan
1733286730.0940707,-4.5312957763671875,nan,nan,nan
1733286730.2012336,-4.528739929199219,nan,nan,nan
1733286730.3093734,-4.528739929199219,nan,nan,nan
1733286730.4187562,-4.528739929199219,nan,nan,nan
1733286730.5266583,-4.523628234863281,nan,nan,nan
1733286730.6342268,-4.5210723876953125,nan,nan,nan
1733286730.7440674,-4.5210723876953125,nan,nan,nan
1733286730.851718,-4.515960693359375,nan,nan,nan
1733286730.962711,-4.5134124755859375,nan,nan,nan
1733286731.0705726,-4.5134124755859375,nan,nan,nan
1733286731.1791525,-4.510856628417969,nan,nan,nan
1733286731.2860067,-4.510856628417969,nan,nan,nan
1733286731.394939,-4.515960693359375,nan,nan,nan
1733286731.5045905,-4.5134124755859375,nan,nan,nan
1733286731.613862,-4.5134124755859375,nan,nan,nan
1733286731.7218122,-4.5134124755859375,nan,nan,nan
1733286731.830637,-4.510856628417969,nan,nan,nan
1733286731.9396,-4.5134124755859375,nan,nan,nan
1733286732.048041,-4.515960693359375,nan,nan,nan
1733286732.1551387,-4.5134124755859375,nan,nan,nan
1733286732.2647061,-4.5134124755859375,nan,nan,nan
1733286732.3737266,-4.5134124755859375,nan,nan,nan
1733286732.4840734,-4.5134124755859375,nan,nan,nan
1733286732.5919561,-4.515960693359375,nan,nan,nan
1733286732.701708,-4.5134124755859375,nan,nan,nan
1733286732.8107245,-4.518516540527344,nan,nan,nan
1733286732.919889,-4.523628234863281,nan,nan,nan
1733286733.0299084,-4.52618408203125,nan,nan,nan
1733286733.1379275,-4.5312957763671875,nan,nan,nan
1733286733.2470515,-4.528739929199219,nan,nan,nan
1733286733.354773,-4.52618408203125,nan,nan,nan
1733286733.463692,-4.5312957763671875,nan,nan,nan
1733286733.5725825,-4.5312957763671875,nan,nan,nan
1733286733.6808856,-4.52618408203125,nan,nan,nan
1733286733.7907906,-4.5210723876953125,nan,nan,nan
1733286733.8977776,-4.5134124755859375,nan,nan,nan
1733286734.0064375,-4.5134124755859375,nan,nan,nan
1733286734.1169376,-4.515960693359375,nan,nan,nan
1733286734.2255337,-4.510856628417969,nan,nan,nan
1733286734.3367288,-4.5134124755859375,nan,nan,nan
1733286734.443776,-4.5210723876953125,nan,nan,nan
1733286734.5513952,-4.518516540527344,nan,nan,nan
1733286734.6595027,-4.518516540527344,nan,nan,nan
1733286734.7677834,-4.5210723876953125,nan,nan,nan
1733286734.8758068,-4.5210723876953125,nan,nan,nan
1733286734.984813,-4.523628234863281,nan,nan,nan
1733286735.093909,-4.518516540527344,nan,nan,nan
1733286735.2029018,-4.5210723876953125,nan,nan,nan
1733286735.310882,-4.528739929199219,nan,nan,nan
1733286735.4195378,-4.528739929199219,nan,nan,nan
1733286735.5277352,-4.52618408203125,nan,nan,nan
1733286735.6351216,-4.533851623535156,nan,nan,nan
1733286735.7440023,-4.533851623535156,nan,nan,nan
1733286735.852603,-4.5312957763671875,nan,nan,nan
1733286735.9619346,-4.536407470703125,nan,nan,nan
1733286736.070777,-4.541511535644531,0.0,0.0,nan
1733286736.178858,-4.541511535644531,nan,nan,nan
1733286736.28682,-4.5389556884765625,nan,nan,nan
1733286736.3949516,-4.541511535644531,nan,nan,nan
1733286736.5027018,-4.541511535644531,nan,nan,nan
1733286736.6119888,-4.5389556884765625,nan,nan,nan
1733286736.719954,-4.533851623535156,nan,nan,nan
1733286736.828841,-4.5312957763671875,nan,nan,nan
1733286736.9367657,-4.528739929199219,nan,nan,nan
1733286737.045923,-4.52618408203125,nan,nan,nan
1733286737.1551719,-4.523628234863281,nan,nan,nan
1733286737.2641654,-4.518516540527344,nan,nan,nan
1733286737.3743885,-4.50830078125,nan,nan,nan
1733286737.4828777,-4.5134124755859375,nan,nan,nan
1733286737.5909224,-4.52618408203125,nan,nan,nan
1733286737.6998708,-4.523628234863281,nan,nan,nan
1733286737.8088024,-4.5210723876953125,nan,nan,nan
1733286737.9176204,-4.528739929199219,nan,nan,nan
1733286738.0262716,-4.533851623535156,nan,nan,nan
1733286738.1341069,-4.5312957763671875,nan,nan,nan
1733286738.2418242,-4.5312957763671875,nan,nan,nan
1733286738.3504977,-4.533851623535156,nan,nan,nan
1733286738.4590435,-4.5440673828125,nan,nan,nan
1733286738.570081,-4.712699890136719,nan,nan,nan
1733286738.6795304,-4.628387451171875,nan,nan,nan
1733286738.7879267,-4.536407470703125,nan,nan,nan
1733286738.8970573,-4.523628234863281,nan,nan,nan
1733286739.0059795,-4.518516540527344,nan,nan,nan
1733286739.1136937,-4.518516540527344,nan,nan,nan
1733286739.2238858,-4.6309356689453125,nan,nan,nan
1733286739.3328576,-5.811347961425781,nan,nan,nan
1733286739.4414628,-8.854354858398438,nan,nan,nan
1733286739.5498664,-11.521774291992188,nan,nan,nan
1733286739.657466,-12.717514038085938,nan,nan,nan
1733286739.7666054,-13.164634704589844,nan,nan,nan
1733286739.8779235,-14.291397094726562,nan,nan,nan
1733286739.9881444,-12.827377319335938,nan,nan,nan
1733286740.0967376,-10.995445251464844,nan,nan,nan
1733286740.205696,-10.954566955566406,nan,nan,nan
1733286740.313725,-9.454780578613281,nan,nan,nan
1733286740.4234066,-8.588630676269531,nan,nan,nan
1733286740.5325475,-8.72149658203125,nan,nan,nan
1733286740.641462,-8.685722351074219,nan,nan,nan
1733286740.7487755,-9.038314819335938,nan,nan,nan
1733286740.857434,-9.352577209472656,nan,nan,nan
1733286740.9667242,-9.117515563964844,nan,nan,nan
1733286741.07655,-8.465995788574219,nan,nan,nan
1733286741.18533,-8.999992370605469,nan,nan,nan
1733286741.294684,-9.965782165527344,nan,nan,nan
1733286741.4041116,-10.553428649902344,nan,nan,nan
1733286741.6349502,-9.958114624023438,nan,nan,nan
1733286741.7441268,-6.731147766113281,nan,nan,nan
1733286741.8529253,-4.528739929199219,nan,nan,nan
1733286741.960931,-4.518516540527344,nan,nan,nan
1733286742.0695436,-4.498077392578125,nan,nan,nan
1733286742.175929,-4.498077392578125,nan,nan,nan
1733286742.284553,-4.495521545410156,nan,nan,nan
1733286742.3935664,-4.500633239746094,nan,nan,nan
1733286742.5028367,-4.5031890869140625,nan,nan,nan
1733286742.611528,-4.5031890869140625,nan,nan,nan
1733286742.7207248,-4.5031890869140625,nan,nan,nan
1733286742.8308225,-4.5031890869140625,nan,nan,nan
1733286742.9397128,-4.505744934082031,nan,nan,nan
1733286743.0488417,-4.5031890869140625,nan,nan,nan
1733286743.155377,-4.505744934082031,nan,nan,nan
1733286743.2638612,-4.50830078125,nan,nan,nan
1733286743.3730757,-4.50830078125,nan,nan,nan
1733286743.4818373,-4.5134124755859375,nan,nan,nan
1733286743.5877094,-4.5134124755859375,nan,nan,nan
1733286743.6977549,-4.5134124755859375,nan,nan,nan
1733286743.8071034,-4.515960693359375,nan,nan,nan
1733286743.9161608,-4.5134124755859375,nan,nan,nan
1733286744.025515,-4.50830078125,nan,nan,nan
1733286744.134901,-4.5134124755859375,nan,nan,nan
1733286744.2455103,-4.528739929199219,nan,nan,nan
1733286744.3540683,-4.52618408203125,nan,nan,nan
1733286744.461802,-4.528739929199219,nan,nan,nan
1733286744.5697417,-4.5312957763671875,nan,nan,nan
1733286744.6777425,-4.5312957763671875,nan,nan,nan
1733286744.785946,-4.523628234863281,nan,nan,nan
1733286744.8950644,-4.515960693359375,nan,nan,nan
1733286745.0048566,-4.50830078125,nan,nan,nan
1733286745.1148798,-4.5031890869140625,nan,nan,nan
1733286745.2246878,-4.505744934082031,nan,nan,nan
1733286745.332909,-4.505744934082031,nan,nan,nan
1733286745.4408293,-4.510856628417969,nan,nan,nan
1733286745.5506725,-4.5134124755859375,nan,nan,nan
1733286745.6612346,-4.5031890869140625,nan,nan,nan
1733286745.7693346,-4.5031890869140625,nan,nan,nan
1733286745.8777356,-4.50830078125,nan,nan,nan
1733286745.9854481,-4.5134124755859375,nan,nan,nan
1733286746.0957003,-4.518516540527344,nan,nan,nan
1733286746.20416,-4.518516540527344,5.671077251434326,0.0,nan
1733286746.3130915,-4.518516540527344,nan,nan,nan
1733286746.4226208,-4.515960693359375,nan,nan,nan
1733286746.5309906,-4.515960693359375,nan,nan,nan
1733286746.6399817,-4.518516540527344,nan,nan,nan
1733286746.7483072,-4.515960693359375,nan,nan,nan
1733286746.858446,-4.518516540527344,nan,nan,nan
1733286746.9670599,-4.518516540527344,nan,nan,nan
1733286747.073739,-4.515960693359375,nan,nan,nan
1733286747.180671,-4.515960693359375,nan,nan,nan
1733286747.289545,-4.5134124755859375,nan,nan,nan
1733286747.3990083,-4.5134124755859375,nan,nan,nan
1733286747.508015,-4.5134124755859375,nan,nan,nan
1733286747.6174793,-4.510856628417969,nan,nan,nan
1733286747.7278495,-4.515960693359375,nan,nan,nan
1733286747.8375866,-4.5210723876953125,nan,nan,nan
1733286747.9478712,-4.523628234863281,nan,nan,nan
1733286748.0565858,-4.523628234863281,nan,nan,nan
1733286748.165077,-4.52618408203125,nan,nan,nan
1733286748.2738957,-4.528739929199219,nan,nan,nan
1733286748.381084,-4.523628234863281,nan,nan,nan
1733286748.4888873,-4.5210723876953125,nan,nan,nan
1733286748.5985928,-4.5134124755859375,nan,nan,nan
1733286748.7076054,-4.50830078125,nan,nan,nan
1733286748.8167639,-4.50830078125,nan,nan,nan
1733286748.9259934,-4.50830078125,nan,nan,nan
1733286749.0346835,-4.505744934082031,nan,nan,nan
1733286749.144053,-4.505744934082031,nan,nan,nan
1733286749.2525394,-4.505744934082031,nan,nan,nan
1733286749.3612206,-4.5031890869140625,nan,nan,nan
1733286749.4703817,-4.500633239746094,nan,nan,nan
1733286749.5789595,-4.498077392578125,nan,nan,nan
1733286749.6871052,-4.500633239746094,nan,nan,nan
1733286749.7979035,-4.5031890869140625,nan,nan,nan
1733286749.9064867,-4.500633239746094,nan,nan,nan
1733286750.0137339,-4.505744934082031,nan,nan,nan
1733286750.12162,-4.510856628417969,nan,nan,nan
1733286750.2327585,-4.50830078125,nan,nan,nan
1733286750.339523,-4.5031890869140625,nan,nan,nan
1733286750.4474204,-4.5031890869140625,nan,nan,nan
1733286750.5549104,-4.4929656982421875,nan,nan,nan
1733286750.6625333,-4.4853057861328125,nan,nan,nan
1733286750.7704744,-4.4674224853515625,nan,nan,nan
1733286750.8790119,-4.464866638183594,nan,nan,nan
1733286750.9882739,-4.472526550292969,nan,nan,nan
1733286751.0958524,-4.500633239746094,nan,nan,nan
1733286751.205154,-4.5210723876953125,nan,nan,nan
1733286751.3128538,-4.518516540527344,nan,nan,nan
1733286751.4210627,-4.515960693359375,nan,nan,nan
1733286751.5290222,-4.50830078125,nan,nan,nan
1733286751.6363149,-4.5031890869140625,nan,nan,nan
1733286751.7448294,-4.5031890869140625,nan,nan,nan
1733286751.8536885,-4.5031890869140625,nan,nan,nan
1733286751.962898,-4.500633239746094,nan,nan,nan
1733286752.0709262,-4.495521545410156,nan,nan,nan
1733286752.1808507,-4.495521545410156,nan,nan,nan
1733286752.2888331,-4.498077392578125,nan,nan,nan
1733286752.3977509,-4.505744934082031,nan,nan,nan
1733286752.5028982,-4.5134124755859375,nan,nan,nan
1733286752.6106555,-4.515960693359375,nan,nan,nan
1733286752.7177863,-4.5134124755859375,nan,nan,nan
1733286752.8257864,-4.50830078125,nan,nan,nan
1733286752.934771,-4.5031890869140625,nan,nan,nan
1733286753.0446725,-4.5031890869140625,nan,nan,nan
1733286753.1528518,-4.50830078125,nan,nan,nan
1733286753.2626128,-4.510856628417969,nan,nan,nan
1733286753.372653,-4.528739929199219,nan,nan,nan
1733286753.4827235,-4.533851623535156,nan,nan,nan
1733286753.5899415,-4.5312957763671875,nan,nan,nan
1733286753.6986651,-4.523628234863281,nan,nan,nan
1733286753.8066897,-4.528739929199219,nan,nan,nan
1733286753.9135933,-4.5312957763671875,nan,nan,nan
1733286754.022702,-4.52618408203125,nan,nan,nan
1733286754.1314235,-4.5670623779296875,nan,nan,nan
1733286754.239562,-5.07806396484375,nan,nan,nan
1733286754.3483777,-5.760246276855469,nan,nan,nan
1733286754.4571478,-6.8946685791015625,nan,nan,nan
1733286754.5664628,-7.5385284423828125,nan,nan,nan
1733286754.676252,-7.019866943359375,nan,nan,nan
1733286754.7847507,-6.626396179199219,nan,nan,nan
1733286754.894115,-5.798576354980469,nan,nan,nan
1733286755.0028872,-5.591621398925781,nan,nan,nan
1733286755.1127577,-5.933990478515625,nan,nan,nan
1733286755.2227867,-6.368339538574219,nan,nan,nan
1733286755.3300402,-6.6289520263671875,nan,nan,nan
1733286755.4386582,-6.6647186279296875,nan,nan,nan
1733286755.5477574,-6.337677001953125,nan,nan,nan
1733286755.6559992,-5.969757080078125,nan,nan,nan
1733286755.7639675,-5.5251922607421875,nan,nan,nan
1733286755.8736582,-4.63604736328125,nan,nan,nan
1733286755.9818158,-4.533851623535156,nan,nan,nan
1733286756.0916126,-4.536407470703125,nan,nan,nan
1733286756.201272,-4.572174072265625,5.665722846984863,0.0,nan
1733286756.3110528,-4.786796569824219,nan,nan,nan
1733286756.419587,-5.032073974609375,nan,nan,nan
1733286756.5278115,-5.231361389160156,nan,nan,nan
1733286756.6367676,-5.4332122802734375,nan,nan,nan
1733286756.7456448,-5.527740478515625,nan,nan,nan
1733286756.8537672,-5.5711822509765625,nan,nan,nan
1733286756.9627416,-5.530296325683594,nan,nan,nan
1733286757.0729194,-5.382110595703125,nan,nan,nan
1733286757.1813734,-5.0550689697265625,nan,nan,nan
1733286757.2907894,-4.8021240234375,nan,nan,nan
1733286757.3995194,-4.551734924316406,nan,nan,nan
1733286757.5068786,-4.523628234863281,nan,nan,nan
1733286757.6153352,-4.8353424072265625,nan,nan,nan
1733286757.724532,-6.220146179199219,nan,nan,nan
1733286757.8328009,-8.527313232421875,nan,nan,nan
1733286757.9436185,-10.016876220703125,nan,nan,nan
1733286758.0510411,-10.272377014160156,nan,nan,nan
1733286758.1610012,-8.844131469726562,nan,nan,nan
1733286758.2697651,-6.616172790527344,nan,nan,nan
1733286758.3780096,-4.5772857666015625,nan,nan,nan
1733286758.4869046,-4.50830078125,nan,nan,nan
1733286758.5967233,-4.500633239746094,nan,nan,nan
1733286758.7049074,-4.495521545410156,nan,nan,nan
1733286758.8129432,-4.4853057861328125,nan,nan,nan
1733286758.9226696,-4.500633239746094,nan,nan,nan
1733286759.0320241,-4.500633239746094,nan,nan,nan
1733286759.141255,-4.495521545410156,nan,nan,nan
1733286759.2498636,-4.505744934082031,nan,nan,nan
1733286759.358734,-4.5134124755859375,nan,nan,nan
1733286759.4680061,-4.510856628417969,nan,nan,nan
1733286759.5769439,-4.50830078125,nan,nan,nan
1733286759.6870103,-4.50830078125,nan,nan,nan
1733286759.7956831,-4.510856628417969,nan,nan,nan
1733286759.9048653,-4.4929656982421875,nan,nan,nan
1733286760.0119085,-4.480194091796875,nan,nan,nan
1733286760.1205544,-4.487861633300781,nan,nan,nan
1733286760.2293222,-4.495521545410156,nan,nan,nan
1733286760.3367064,-4.482749938964844,nan,nan,nan
1733286760.4468155,-4.482749938964844,nan,nan,nan
1733286760.5552118,-4.5031890869140625,nan,nan,nan
1733286760.6628597,-4.510856628417969,nan,nan,nan
1733286760.769799,-4.5134124755859375,nan,nan,nan
1733286760.878658,-4.510856628417969,nan,nan,nan
1733286760.9880013,-4.5134124755859375,nan,nan,nan
1733286761.0963852,-4.510856628417969,nan,nan,nan
1733286761.206672,-4.500633239746094,nan,nan,nan
1733286761.3159778,-4.4929656982421875,nan,nan,nan
1733286761.4240587,-4.49041748046875,nan,nan,nan
1733286761.5339258,-4.487861633300781,nan,nan,nan
1733286761.6415653,-4.482749938964844,nan,nan,nan
1733286761.7500603,-4.49041748046875,nan,nan,nan
1733286761.8604267,-4.49041748046875,nan,nan,nan
1733286761.969465,-4.49041748046875,nan,nan,nan
1733286762.078962,-4.495521545410156,nan,nan,nan
1733286762.1871827,-4.495521545410156,nan,nan,nan
1733286762.2959266,-4.495521545410156,nan,nan,nan
1733286762.4046206,-4.49041748046875,nan,nan,nan
1733286762.513773,-4.4929656982421875,nan,nan,nan
1733286762.6236005,-4.500633239746094,nan,nan,nan
1733286762.7319415,-4.500633239746094,nan,nan,nan
1733286762.8395677,-4.498077392578125,nan,nan,nan
1733286762.9477737,-4.498077392578125,nan,nan,nan
1733286763.055072,-4.498077392578125,nan,nan,nan
1733286763.163409,-4.498077392578125,nan,nan,nan
1733286763.2711267,-4.5031890869140625,nan,nan,nan
1733286763.3793564,-4.5134124755859375,nan,nan,nan
1733286763.4884264,-4.515960693359375,nan,nan,nan
1733286763.5960765,-4.5210723876953125,nan,nan,nan
1733286763.705134,-4.523628234863281,nan,nan,nan
1733286763.814094,-4.523628234863281,nan,nan,nan
1733286763.9237845,-4.523628234863281,nan,nan,nan
1733286764.0327654,-4.5210723876953125,nan,nan,nan
1733286764.1416342,-4.515960693359375,nan,nan,nan
1733286764.2497737,-4.50830078125,nan,nan,nan
1733286764.3586082,-4.505744934082031,nan,nan,nan
1733286764.4672244,-4.500633239746094,nan,nan,nan
1733286764.5755625,-4.498077392578125,nan,nan,nan
1733286764.683865,-4.498077392578125,nan,nan,nan
1733286764.792957,-4.498077392578125,nan,nan,nan
1733286764.9006639,-4.495521545410156,nan,nan,nan
1733286765.0086699,-4.498077392578125,nan,nan,nan
1733286765.1179268,-4.498077392578125,nan,nan,nan
1733286765.225781,-4.4929656982421875,nan,nan,nan
1733286765.3358316,-4.4929656982421875,nan,nan,nan
1733286765.4456725,-4.4929656982421875,nan,nan,nan
1733286765.5536559,-4.49041748046875,nan,nan,nan
1733286765.6628985,-4.4853057861328125,nan,nan,nan
1733286765.7719254,-4.480194091796875,nan,nan,nan
1733286765.879783,-4.480194091796875,nan,nan,nan
1733286765.988464,-4.4750823974609375,nan,nan,nan
1733286766.0959902,-4.4750823974609375,nan,nan,nan
1733286766.2040107,-4.4750823974609375,8.968609809875488,0.0,nan
1733286766.3136322,-4.477638244628906,nan,nan,nan
1733286766.4216008,-4.480194091796875,nan,nan,nan
1733286766.5305357,-4.480194091796875,nan,nan,nan
1733286766.638909,-4.480194091796875,nan,nan,nan
1733286766.748491,-4.477638244628906,nan,nan,nan
1733286766.8576467,-4.480194091796875,nan,nan,nan
1733286766.96661,-4.482749938964844,nan,nan,nan
1733286767.0761473,-4.482749938964844,nan,nan,nan
1733286767.1858292,-4.4853057861328125,nan,nan,nan
1733286767.293703,-4.4853057861328125,nan,nan,nan
1733286767.402796,-4.487861633300781,nan,nan,nan
1733286767.5126112,-4.49041748046875,nan,nan,nan
1733286767.6205714,-4.498077392578125,nan,nan,nan
1733286767.7297544,-4.5031890869140625,nan,nan,nan
1733286767.8378766,-4.510856628417969,nan,nan,nan
1733286767.9468813,-4.515960693359375,nan,nan,nan
1733286768.0558803,-4.515960693359375,nan,nan,nan
1733286768.1642303,-4.515960693359375,nan,nan,nan
1733286768.2740088,-4.518516540527344,nan,nan,nan
1733286768.3832426,-4.50830078125,nan,nan,nan
1733286768.490613,-4.5031890869140625,nan,nan,nan
1733286768.6001935,-4.498077392578125,nan,nan,nan
1733286768.7079046,-4.498077392578125,nan,nan,nan
1733286768.8168726,-4.4929656982421875,nan,nan,nan
1733286768.926556,-4.49041748046875,nan,nan,nan
1733286769.034513,-4.49041748046875,nan,nan,nan
1733286769.1426737,-4.49041748046875,nan,nan,nan
1733286769.2504349,-4.49041748046875,nan,nan,nan
1733286769.3582866,-4.4929656982421875,nan,nan,nan
1733286769.4683485,-4.500633239746094,nan,nan,nan
1733286769.5758784,-4.50830078125,nan,nan,nan
1733286769.6845803,-4.5134124755859375,nan,nan,nan
1733286769.7927353,-4.510856628417969,nan,nan,nan
1733286769.9004035,-4.50830078125,nan,nan,nan
1733286770.0080032,-4.500633239746094,nan,nan,nan
1733286770.1147926,-4.495521545410156,nan,nan,nan
1733286770.2228374,-4.495521545410156,nan,nan,nan
1733286770.3326542,-4.495521545410156,nan,nan,nan
1733286770.441018,-4.49041748046875,nan,nan,nan
1733286770.5490935,-4.487861633300781,nan,nan,nan
1733286770.6599498,-4.49041748046875,nan,nan,nan
1733286770.768145,-4.5031890869140625,nan,nan,nan
1733286770.877565,-4.5134124755859375,nan,nan,nan
1733286770.985787,-4.515960693359375,nan,nan,nan
1733286771.0943782,-4.515960693359375,nan,nan,nan
1733286771.2029905,-4.50830078125,nan,nan,nan
1733286771.3100803,-4.5031890869140625,nan,nan,nan
1733286771.418521,-4.500633239746094,nan,nan,nan
1733286771.5275688,-4.495521545410156,nan,nan,nan
1733286771.6359615,-4.4929656982421875,nan,nan,nan
1733286771.7447264,-4.49041748046875,nan,nan,nan
1733286771.8537025,-4.487861633300781,nan,nan,nan
1733286771.9628685,-4.4929656982421875,nan,nan,nan
1733286772.0715315,-4.5031890869140625,nan,nan,nan
1733286772.1803935,-4.515960693359375,nan,nan,nan
1733286772.2888877,-4.515960693359375,nan,nan,nan
1733286772.3985546,-4.515960693359375,nan,nan,nan
1733286772.5067556,-4.50830078125,nan,nan,nan
1733286772.6160614,-4.498077392578125,nan,nan,nan
1733286772.7258306,-4.495521545410156,nan,nan,nan
1733286772.834108,-4.49041748046875,nan,nan,nan
1733286772.943702,-4.487861633300781,nan,nan,nan
1733286773.0528448,-4.487861633300781,nan,nan,nan
1733286773.1628342,-4.4929656982421875,nan,nan,nan
1733286773.2726843,-4.49041748046875,nan,nan,nan
1733286773.3825865,-4.505744934082031,nan,nan,nan
1733286773.4895127,-4.5134124755859375,nan,nan,nan
1733286773.5996423,-4.518516540527344,nan,nan,nan
1733286773.7081406,-4.515960693359375,nan,nan,nan
1733286773.816545,-4.505744934082031,nan,nan,nan
1733286773.9237454,-4.500633239746094,nan,nan,nan
1733286774.031069,-4.495521545410156,nan,nan,nan
1733286774.1396081,-4.49041748046875,nan,nan,nan
1733286774.2502568,-4.4929656982421875,nan,nan,nan
1733286774.3581061,-4.49041748046875,nan,nan,nan
1733286774.4660892,-4.49041748046875,nan,nan,nan
1733286774.5743232,-4.4929656982421875,nan,nan,nan
1733286774.684389,-4.510856628417969,nan,nan,nan
1733286774.793786,-4.50830078125,nan,nan,nan
1733286774.9005513,-4.5134124755859375,nan,nan,nan
1733286775.0092697,-4.518516540527344,nan,nan,nan
1733286775.1171417,-4.5134124755859375,nan,nan,nan
1733286775.2260008,-4.505744934082031,nan,nan,nan
1733286775.33464,-4.498077392578125,nan,nan,nan
1733286775.4440901,-4.495521545410156,nan,nan,nan
1733286775.5527987,-4.4929656982421875,nan,nan,nan
1733286775.6618598,-4.4929656982421875,nan,nan,nan
1733286775.7688973,-4.4929656982421875,nan,nan,nan
1733286775.8769064,-4.498077392578125,nan,nan,nan
1733286775.9851465,-4.510856628417969,nan,nan,nan
1733286776.093765,-4.515960693359375,nan,nan,nan
1733286776.2007754,-4.518516540527344,3.9370076656341553,0.0,nan
1733286776.309656,-4.515960693359375,nan,nan,nan
1733286776.419254,-4.515960693359375,nan,nan,nan
1733286776.5289786,-4.505744934082031,nan,nan,nan
1733286776.6376479,-4.500633239746094,nan,nan,nan
1733286776.746925,-4.495521545410156,nan,nan,nan
1733286776.856343,-4.49041748046875,nan,nan,nan
1733286776.9657035,-4.49041748046875,nan,nan,nan
1733286777.0746639,-4.49041748046875,nan,nan,nan
1733286777.1836462,-4.500633239746094,nan,nan,nan
1733286777.2927997,-4.510856628417969,nan,nan,nan
1733286777.4026794,-4.5134124755859375,nan,nan,nan
1733286777.5107446,-4.518516540527344,nan,nan,nan
1733286777.6207366,-4.5210723876953125,nan,nan,nan
1733286777.7270246,-4.5134124755859375,nan,nan,nan
1733286777.8359418,-4.505744934082031,nan,nan,nan
1733286777.9451668,-4.498077392578125,nan,nan,nan
1733286778.0537832,-4.4929656982421875,nan,nan,nan
1733286778.1631746,-4.49041748046875,nan,nan,nan
1733286778.271775,-4.487861633300781,nan,nan,nan
1733286778.3801022,-4.495521545410156,nan,nan,nan
1733286778.4889357,-4.50830078125,nan,nan,nan
1733286778.5970721,-4.523628234863281,nan,nan,nan
1733286778.706967,-4.533851623535156,nan,nan,nan
1733286778.8165517,-4.5312957763671875,nan,nan,nan
1733286778.9266205,-4.52618408203125,nan,nan,nan
1733286779.0350726,-4.518516540527344,nan,nan,nan
1733286779.1426198,-4.50830078125,nan,nan,nan
1733286779.2519224,-4.498077392578125,nan,nan,nan
1733286779.3590894,-4.487861633300781,nan,nan,nan
1733286779.4677813,-4.487861633300781,nan,nan,nan
1733286779.5763113,-4.487861633300781,nan,nan,nan
1733286779.6860585,-4.487861633300781,nan,nan,nan
1733286779.7950637,-4.4929656982421875,nan,nan,nan
1733286779.9037137,-4.495521545410156,nan,nan,nan
1733286780.0127335,-4.495521545410156,nan,nan,nan
1733286780.1210566,-4.498077392578125,nan,nan,nan
1733286780.229629,-4.495521545410156,nan,nan,nan
1733286780.3381493,-4.4853057861328125,nan,nan,nan
1733286780.4478648,-4.477638244628906,nan,nan,nan
1733286780.5565493,-4.4853057861328125,nan,nan,nan
1733286780.6657383,-4.487861633300781,nan,nan,nan
1733286780.7729535,-4.487861633300781,nan,nan,nan
1733286780.882663,-4.500633239746094,nan,nan,nan
1733286780.991808,-4.5134124755859375,nan,nan,nan
1733286781.0997074,-4.523628234863281,nan,nan,nan
1733286781.2097552,-4.52618408203125,nan,nan,nan
1733286781.31804,-4.523628234863281,nan,nan,nan
1733286781.4256544,-4.5134124755859375,nan,nan,nan
1733286781.5340602,-4.50830078125,nan,nan,nan
1733286781.644351,-4.5031890869140625,nan,nan,nan
1733286781.7543948,-4.5031890869140625,nan,nan,nan
1733286781.863784,-4.5031890869140625,nan,nan,nan
1733286781.9729466,-4.505744934082031,nan,nan,nan
1733286782.0815828,-4.5134124755859375,nan,nan,nan
1733286782.1893094,-4.5210723876953125,nan,nan,nan
1733286782.2980423,-4.5210723876953125,nan,nan,nan
1733286782.406969,-4.52618408203125,nan,nan,nan
1733286782.5169258,-4.528739929199219,nan,nan,nan
1733286782.6242888,-4.523628234863281,nan,nan,nan
1733286782.731862,-4.515960693359375,nan,nan,nan
1733286782.8404005,-4.50830078125,nan,nan,nan
1733286782.9507623,-4.5031890869140625,nan,nan,nan
1733286783.0583081,-4.500633239746094,nan,nan,nan
1733286783.1671686,-4.498077392578125,nan,nan,nan
1733286783.2756414,-4.515960693359375,nan,nan,nan
1733286783.3845813,-4.5134124755859375,nan,nan,nan
1733286783.4913504,-4.500633239746094,nan,nan,nan
1733286783.5989926,-4.477638244628906,nan,nan,nan
1733286783.707997,-4.462310791015625,nan,nan,nan
1733286783.8168314,-4.469970703125,nan,nan,nan
1733286783.9270322,-4.482749938964844,nan,nan,nan
1733286784.0338602,-4.4929656982421875,nan,nan,nan
1733286784.142675,-4.505744934082031,nan,nan,nan
1733286784.2496796,-4.50830078125,nan,nan,nan
1733286784.3579617,-4.5031890869140625,nan,nan,nan
1733286784.4658682,-4.5031890869140625,nan,nan,nan
1733286784.5754538,-4.49041748046875,nan,nan,nan
1733286784.6837237,-4.49041748046875,nan,nan,nan
1733286784.7930453,-4.4929656982421875,nan,nan,nan
1733286784.9020007,-4.4929656982421875,nan,nan,nan
1733286785.0107815,-4.495521545410156,nan,nan,nan
1733286785.118912,-4.5031890869140625,nan,nan,nan
1733286785.2267473,-4.50830078125,nan,nan,nan
1733286785.3359814,-4.510856628417969,nan,nan,nan
1733286785.4450421,-4.5134124755859375,nan,nan,nan
1733286785.5533996,-4.510856628417969,nan,nan,nan
1733286785.6601038,-4.510856628417969,nan,nan,nan
1733286785.7687132,-4.50830078125,nan,nan,nan
1733286785.8756158,-4.495521545410156,nan,nan,nan
1733286785.985091,-4.4929656982421875,nan,nan,nan
1733286786.0938275,-4.495521545410156,nan,nan,nan
1733286786.2027698,-4.500633239746094,2.291825771331787,0.0,nan
1733286786.3117328,-4.500633239746094,nan,nan,nan
1733286786.4206288,-4.498077392578125,nan,nan,nan
1733286786.528617,-4.500633239746094,nan,nan,nan
1733286786.637552,-4.5031890869140625,nan,nan,nan
1733286786.7465928,-4.5031890869140625,nan,nan,nan
1733286786.8553286,-4.505744934082031,nan,nan,nan
1733286786.9637575,-4.505744934082031,nan,nan,nan
1733286787.0738347,-4.505744934082031,nan,nan,nan
1733286787.1825526,-4.5031890869140625,nan,nan,nan
1733286787.291618,-4.5031890869140625,nan,nan,nan
1733286787.400641,-4.500633239746094,nan,nan,nan
1733286787.5099266,-4.498077392578125,nan,nan,nan
1733286787.6178994,-4.500633239746094,nan,nan,nan
1733286787.7251287,-4.500633239746094,nan,nan,nan
1733286787.834891,-4.5031890869140625,nan,nan,nan
1733286787.9426916,-4.505744934082031,nan,nan,nan
1733286788.0506043,-4.505744934082031,nan,nan,nan
1733286788.1589499,-4.505744934082031,nan,nan,nan
1733286788.2680366,-4.505744934082031,nan,nan,nan
1733286788.3769417,-4.5031890869140625,nan,nan,nan
1733286788.4865744,-4.5031890869140625,nan,nan,nan
1733286788.594916,-4.5031890869140625,nan,nan,nan
1733286788.704015,-4.505744934082031,nan,nan,nan
1733286788.8140361,-4.50830078125,nan,nan,nan
1733286788.9228833,-4.510856628417969,nan,nan,nan
1733286789.0315845,-4.515960693359375,nan,nan,nan
1733286789.140438,-4.510856628417969,nan,nan,nan
1733286789.2503839,-4.505744934082031,nan,nan,nan
1733286789.3591125,-4.50830078125,nan,nan,nan
1733286789.4681766,-4.50830078125,nan,nan,nan
1733286789.5766764,-4.498077392578125,nan,nan,nan
1733286789.686679,-4.4929656982421875,nan,nan,nan
1733286789.7971015,-4.487861633300781,nan,nan,nan
1733286789.904239,-4.487861633300781,nan,nan,nan
1733286790.013561,-4.487861633300781,nan,nan,nan
1733286790.121881,-4.487861633300781,nan,nan,nan
1733286790.231845,-4.49041748046875,nan,nan,nan
1733286790.3411853,-4.495521545410156,nan,nan,nan
1733286790.450148,-4.505744934082031,nan,nan,nan
